{
    "objective": 1012.9999999999998,
    "runtime": 180.3768630027771,
    "node count": 226052.0,
    "optimality gap": 0.0,
    "leader decision": [
        0.0,
        0.0,
        0.0,
        -0.0,
        -0.0,
        -0.0,
        -0.0,
        -0.0,
        1.0,
        -0.0,
        -0.0,
        1.0,
        -0.0,
        1.0,
        -0.0,
        -0.0,
        -0.0,
        0.0,
        -0.0,
        -0.0,
        -0.0,
        -0.0,
        -0.0,
        -0.0,
        -0.0,
        -0.0,
        1.0,
        -0.0,
        -0.0,
        -0.0,
        -0.0,
        -0.0,
        -0.0,
        -0.0,
        0.999999999999997,
        -0.0,
        -0.0,
        -0.0,
        -0.0,
        -0.0
    ],
    "follower decision": [
        1.0,
        1.0,
        1.0,
        1.0,
        1.0,
        1.0,
        1.0,
        1.0,
        -0.0,
        1.0,
        -0.0,
        -0.0,
        1.0,
        -0.0,
        1.0,
        -0.0,
        1.0,
        1.0,
        1.0,
        -0.0,
        -0.0,
        1.0,
        1.0,
        -0.0,
        -0.0,
        1.0,
        -0.0,
        1.0,
        -0.0,
        -0.0,
        -0.0,
        -0.0,
        -0.0,
        -0.0,
        -0.0,
        -0.0,
        -0.0,
        -0.0,
        -0.0,
        -0.0
    ]
}