{
    "objective": 1012.9999999999998,
    "runtime": 140.84424114227295,
    "node count": 220838.0,
    "optimality gap": 0.0,
    "leader decision": [
        0.0,
        0.0,
        -0.0,
        -0.0,
        -0.0,
        -0.0,
        -0.0,
        -0.0,
        1.0,
        -0.0,
        -0.0,
        1.0,
        -0.0,
        1.0,
        -0.0,
        -0.0,
        -0.0,
        -0.0,
        -0.0,
        -0.0,
        -0.0,
        -0.0,
        -0.0,
        -0.0,
        -0.0,
        -0.0,
        1.0,
        -0.0,
        -0.0,
        -0.0,
        -0.0,
        -0.0,
        -0.0,
        -0.0,
        1.0,
        -0.0,
        -0.0,
        -0.0,
        -0.0,
        -0.0
    ],
    "follower decision": [
        1.0,
        1.0,
        1.0,
        1.0,
        1.0,
        1.0,
        1.0,
        1.0,
        -0.0,
        1.0,
        -0.0,
        -0.0,
        1.0,
        -0.0,
        1.0,
        -0.0,
        1.0,
        1.0,
        1.0,
        -0.0,
        -0.0,
        1.0,
        1.0,
        -0.0,
        -0.0,
        1.0,
        -0.0,
        0.9999999999999958,
        -0.0,
        -0.0,
        -0.0,
        -0.0,
        -0.0,
        -0.0,
        -0.0,
        -0.0,
        -0.0,
        -0.0,
        -0.0,
        -0.0
    ]
}