{
    "objective": 1012.999999999999,
    "runtime": 133.57573008537292,
    "node count": 214744.0,
    "optimality gap": 0.0,
    "leader decision": [
        0.0,
        0.0,
        -0.0,
        -0.0,
        -0.0,
        -0.0,
        0.0,
        -0.0,
        1.0,
        0.0,
        -0.0,
        1.0,
        -0.0,
        1.0,
        -0.0,
        -0.0,
        -0.0,
        0.0,
        0.0,
        -0.0,
        -0.0,
        -0.0,
        -0.0,
        -0.0,
        -0.0,
        -0.0,
        1.0,
        -0.0,
        -0.0,
        -0.0,
        -0.0,
        -0.0,
        -0.0,
        -0.0,
        0.999999999999985,
        -0.0,
        -0.0,
        -0.0,
        -0.0,
        -0.0
    ],
    "follower decision": [
        1.0,
        1.0,
        1.0,
        1.0,
        1.0,
        1.0,
        1.0,
        1.0,
        -0.0,
        1.0,
        -0.0,
        -0.0,
        1.0,
        -0.0,
        1.0,
        -0.0,
        1.0,
        1.0,
        1.0,
        -0.0,
        -0.0,
        1.0,
        1.0000000000000002,
        0.0,
        0.0,
        1.0,
        -0.0,
        1.0,
        -0.0,
        0.0,
        0.0,
        -0.0,
        0.0,
        -0.0,
        -0.0,
        -0.0,
        -0.0,
        -0.0,
        0.0,
        -0.0
    ]
}