{
    "objective": 1013.0000000000002,
    "runtime": 120.06217193603516,
    "node count": 208033.0,
    "optimality gap": 0.0,
    "leader decision": [
        0.0,
        0.0,
        0.0,
        -0.0,
        -0.0,
        -0.0,
        0.0,
        -0.0,
        1.0,
        -0.0,
        -0.0,
        1.0,
        -0.0,
        1.0,
        -0.0,
        -0.0,
        -0.0,
        0.0,
        -0.0,
        -0.0,
        -0.0,
        0.0,
        -0.0,
        -0.0,
        -0.0,
        -0.0,
        1.0,
        -0.0,
        -0.0,
        -0.0,
        -0.0,
        -0.0,
        -0.0,
        -0.0,
        1.0000000000000038,
        -0.0,
        -0.0,
        -0.0,
        -0.0,
        -0.0
    ],
    "follower decision": [
        1.0,
        1.0,
        1.0,
        1.0,
        1.0,
        1.0,
        1.0,
        1.0,
        -0.0,
        1.0,
        -0.0,
        -0.0,
        1.0,
        -0.0,
        1.0,
        -0.0,
        1.0,
        1.0,
        1.0,
        -0.0,
        -0.0,
        1.0,
        1.0,
        -0.0,
        -0.0,
        1.0,
        -0.0,
        1.0,
        -0.0,
        -0.0,
        -0.0,
        -0.0,
        -0.0,
        -0.0,
        -0.0,
        -0.0,
        -0.0,
        -0.0,
        -0.0,
        -0.0
    ]
}