{
    "objective": 1013.0,
    "runtime": 118.57727003097534,
    "node count": 201167.0,
    "optimality gap": 0.0,
    "leader decision": [
        -0.0,
        -0.0,
        -0.0,
        -0.0,
        -0.0,
        -0.0,
        -0.0,
        -0.0,
        1.0,
        -0.0,
        -0.0,
        1.0,
        -0.0,
        1.0,
        -0.0,
        -0.0,
        -0.0,
        -0.0,
        -0.0,
        -0.0,
        -0.0,
        -0.0,
        -0.0,
        -0.0,
        -0.0,
        -0.0,
        1.0,
        -0.0,
        -0.0,
        -0.0,
        -0.0,
        -0.0,
        -0.0,
        -0.0,
        1.0,
        -0.0,
        -0.0,
        -0.0,
        -0.0,
        -0.0
    ],
    "follower decision": [
        1.0,
        1.0000000000000016,
        1.0,
        1.0,
        1.0,
        1.0,
        1.0,
        1.0,
        -0.0,
        1.0,
        -0.0,
        -0.0,
        1.0,
        -0.0,
        1.0,
        -0.0,
        1.0,
        1.0,
        1.0,
        -0.0,
        -0.0,
        1.0,
        1.0,
        -0.0,
        -0.0,
        1.0,
        -0.0,
        1.0,
        -0.0,
        -0.0,
        -0.0,
        -0.0,
        -0.0,
        -0.0,
        -0.0,
        -0.0,
        -0.0,
        -0.0,
        -0.0,
        -0.0
    ]
}